model,MAE,RMSE,R2
RandomForest,2413.460825551783,3586.9159627069657,0.9548091516877387
XGBoost,2486.585205078125,3581.6115088043816,0.9549427032470703
